"pred","se"
1887.90982115526,692.41513011524
1647.28608354656,1118.79091066148
1574.67068492617,1409.72375361057
1599.41029447396,1583.2601898604
1786.90161405592,1685.32603517056
2416.49192293991,1740.82998466309
3121.0092040914,1766.87806052257
3485.6973017577,1776.0994169723
3435.07470429372,1777.66730286183
3296.89215340862,1777.72420259986
3309.05036858845,1779.76320519766
3447.63466624697,1785.14046544114
3614.27995037214,1793.70660121326
3643.55291435014,1804.45448170733
3748.5188762913,1816.07236622558
3970.97030973416,1827.3356873616
4152.69178294572,1837.32674909937
4153.63502157312,1845.51092168829
3976.33391099139,1851.71385203666
3645.85443930204,1856.04326040419
3448.17855130699,1858.78998194951
3304.63858221343,1860.33216020338
3188.03550107163,1861.05678162244
3008.02797844563,1861.30494756041
2815.97801955345,1864.33469075484
2736.06402017117,1870.65116475172
2702.14205686603,1877.68788035904
2701.58810903496,1883.53719792235
2779.75876303911,1888.03505124141
3097.27539507045,1891.22307778498
3461.01293999716,1893.28238846359
3609.92433641102,1894.46623148146
3531.15992169867,1895.04294950732
3395.94464012948,1895.25486769185
3368.07777451128,1895.29429520301
3410.30562095227,1895.29475023966
3465.13706757807,1895.33375900758
3454.32612293426,1895.44295907575
3495.19473726335,1895.62149435016
3597.80442633374,1895.84950712101
3694.2826757729,1896.09959842512
3684.67115786855,1896.34518178611
3555.11667589585,1896.56552386772
3375.08342610247,1896.74786653475
3276.94742239777,1896.88735147073
3203.73083227198,1896.9855636609
3125.69466814381,1897.04844021697
3039.10363949454,1897.08412606061
2925.80034681494,1897.5372643481
2889.75375842184,1898.42512592939
2879.63494273236,1899.3539240248
2889.46167123765,1900.06497268864
2952.99523980397,1900.5661174564
3187.06229114823,1900.88737624717
3453.32240825128,1901.07004987039
3558.79985537788,1901.15749840644
3498.23069715273,1901.18854844447
3394.25403326049,1901.19372335859
3369.87445371047,1901.19395840741
3395.14368518193,1901.20117274799
3428.30755728716,1901.21998369924
3414.79997464751,1901.24990833893
3439.59629804323,1901.28754333707
3508.39775916272,1901.32839219531
3574.93336532927,1901.36817935396
3564.0180899669,1901.40362786477
3463.67801966176,1901.43277063004
3331.71624924611,1901.45491473313
3260.42177978799,1901.47039141028
3206.80072724156,1901.48021141225
3147.37046610112,1901.48571799396
3085.65438400824,1901.48829714223
3002.21714035389,1901.75506977272
2976.96619857129,1902.21995308908
2970.75739742867,1902.68294962762
2979.35823323039,1903.02460278398
3028.30996343139,1903.25568206075
3205.82583290277,1903.39650793397
3407.58127883565,1903.47119752231
3487.44639457341,1903.50314491938
3441.83532280368,1903.51206568792
3363.17475394564,1903.51256114081
3344.76422471728,1903.51392337884
3363.6749494998,1903.52079524061
3388.36317850339,1903.53429280805
3377.84509809926,1903.55325792707
3396.27595642392,1903.57540146553
3447.79912270411,1903.59819785313
3497.78247215307,1903.61947924464
3489.18103953427,1903.63774330025
3412.76180192203,1903.65222913525
3312.94469433682,1903.66283364229
3259.04485159404,1903.66994028632
3218.43172450862,1903.67422084345
3173.1825969676,1903.67645331249
3126.60504669386,1903.67738111728
3063.38319139629,1903.83174480741
3044.32469899504,1904.09749782161
3039.67650916872,1904.36108519151
3046.2556307376,1904.55520555125
3083.4589456475,1904.68619814396
3218.25782002293,1904.76579481321
3371.46313546735,1904.80783355686
3432.09254116098,1904.8256869453
3397.461258006,1904.83058921404
3337.72038905293,1904.83083259399
3323.74250828654,1904.83167038026
3338.08776028594,1904.83570454265
3356.80546974598,1904.84353322978
3348.80132451142,1904.85446863738
3362.77949416622,1904.86718951934
3401.86860024939,1904.8802498042
3439.80560655046,1904.89241483422
3433.25465385681,1904.90283400928
3375.18662734673,1904.91108150565
3299.40086927887,1904.91710656202
3258.48401666618,1904.92113455935
3227.64665478266,1904.92355333859
3193.26309641643,1904.92480927482
3157.90846114636,1904.92532725939
3109.89191613198,1905.01419842576
3095.42488783807,1905.1670953636
3091.89995765038,1905.31871341934
3096.90214051996,1905.43036046044
3125.16861300229,1905.50568836958
3227.57960015968,1905.55145091938
3343.97451821079,1905.57561236675
3390.0331874387,1905.58586758673
3363.71975492758,1905.58867967051
3318.32819713043,1905.58881796492
3307.70636102461,1905.58930285961
3318.60159146574,1905.59162929927
3332.81767137464,1905.59613966877
3326.73342727421,1905.60243698558
3337.35052374531,1905.60976034397
3367.04417077038,1905.61727747498
3395.86449600077,1905.62427808262
3390.88531976474,1905.63027304553
3346.7644795667,1905.63501772895
3289.18767441153,1905.63848329236
3258.10271571168,1905.64079971696
3234.67475294195,1905.64219036885
3208.55009197419,1905.64291219967
3181.69138067295,1905.64320971931
3145.21054861572,1905.69448171657
3134.22022509342,1905.78268349733
3131.54305230876,1905.87014529208
3135.34443938831,1905.9345481262
3156.82171007231,1905.97799885775
3234.63347912179,1906.00439406164
3323.07012725861,1906.0183286872
3358.06514167364,1906.02424213832
3338.07207260276,1906.02586298053
3303.58330818639,1906.02594245699
3295.51263056862,1906.02622271654
3303.79042636295,1906.02756584809
3314.59126673307,1906.03016906703
3309.96808398077,1906.03380312377
3318.03458042771,1906.03802890799
3340.59527096399,1906.04236621859
3362.49260877309,1906.04640528197
3358.70914767345,1906.0498639609
3325.18574493388,1906.05260118381
3281.43902272837,1906.05460037605
3257.82080786169,1906.05593658103
3240.02029359759,1906.05673870292
3220.17059873473,1906.05715500599
3199.76354934117,1906.05732656224
3172.04541247438,1906.08691951208
3163.6950696021,1906.13782699898
3161.66104611319,1906.18830784387
3164.54943942652,1906.22547994595
3180.86803712393,1906.2505589646
3239.98984529924,1906.26579377079
3307.1844847825,1906.27383647673
3333.77386686283,1906.27724948229
3318.58302821646,1906.2781849075
3292.37826737908,1906.27823075464
3286.24611580642,1906.27839256685
3292.53560217498,1906.27916791298
3300.74209610815,1906.2806705996
3297.22934766318,1906.28276828407
3303.35828437161,1906.2852074992
3320.49996989502,1906.28771106647
3337.13765413007,1906.29004246296
3334.26293282044,1906.2920388409
3308.79163109358,1906.29361877778
3275.55264620624,1906.29477271164
3257.60740986455,1906.29554396246
3244.08248518211,1906.29600693794
3229.00055919857,1906.29624721926
3213.49518915185,1906.29634623502
3192.43479562257,1906.31342829819
3186.09016751989,1906.34281401868
3184.54471215998,1906.37195375983
3186.73933678169,1906.39341130821
3199.13831053357,1906.4078882275
3244.05942140987,1906.41668258334
3295.11431835958,1906.42132527416
3315.31709106618,1906.42329544559
3303.77499886065,1906.42383542064
3283.86445999738,1906.42386188484
3279.20521310724,1906.42395529475
3283.98400089103,1906.42440287453
3290.21934136709,1906.42527031872
3287.5503311942,1906.42648123067
3292.20713228293,1906.42788929393
3305.23148554219,1906.42933450457
3317.87289726196,1906.43068032746
3315.68866422163,1906.43183275715
3296.33540986472,1906.43274479167
3271.08022717939,1906.43341091137
3257.44532815868,1906.43385612323
3247.16900806926,1906.43412337996
3235.70966656089,1906.4342620843
3223.92859322944,1906.43431924179
3207.92677707363,1906.44418011172
3203.1060905695,1906.46114352963
3201.93184476408,1906.47796505885
3203.59933469591,1906.49035194901
3213.02015223682,1906.49870913426
3247.15149117864,1906.50378592169
3285.94331882147,1906.50646604813
3301.29351068807,1906.50760338661
3292.52375723561,1906.50791510271
3277.39560591725,1906.50793037986
3273.85548105336,1906.50798430365
3277.48643339442,1906.50824268263
3282.22408339466,1906.50874344091
3280.19615260806,1906.50944247629
3283.7344187265,1906.51025532332
3293.63040280105,1906.51108961497
3303.2354256934,1906.5118665322
3301.57583164272,1906.51253180745
3286.87110842398,1906.51305830733
3267.68206388084,1906.51344284538
3257.32218304983,1906.5136998576
3249.51417126706,1906.51385413975
3240.80729223613,1906.51393421108
3231.85595971786,1906.51396720698
3219.69768038585,1906.5196597095
3216.03489292189,1906.52945241373
3215.1426937397,1906.53916324414
3216.40966302991,1906.54631404334
3223.5676588686,1906.55113855452
3249.5008626262,1906.55406933241
3278.97513469833,1906.55561654351
3290.63830599028,1906.55627311827
3283.97499272539,1906.55645306905
3272.48052917434,1906.55646188839
3269.79072025461,1906.55649301812
3272.54954041134,1906.55664217794
3276.14923632489,1906.55693126113
3274.60840186117,1906.55733480792
3277.29679845043,1906.5578040572
3284.81582869797,1906.55828568636
3292.11378484594,1906.55873419384
3290.85281493269,1906.55911825146
3279.68007467185,1906.55942219529
3265.1001192055,1906.5596441858
3257.22861728161,1906.55979255676
3251.29604133551,1906.55988162253
3244.68050043785,1906.55992784702
3237.87922229373,1906.55994689527
3228.64128598112,1906.5632331311
3225.858277277,1906.56888638998
3225.18037879277,1906.57449239581
3226.14302995358,1906.57862051823
3231.58171975908,1906.58140568932
3251.28592942577,1906.58309761717
3273.68066484266,1906.58399081719
3282.54241499911,1906.58436985578
3277.47958809651,1906.58447374082
3268.74602312803,1906.5844788322
3266.70228956395,1906.5844968033
3268.79845829183,1906.58458291282
3271.53352965344,1906.58474979969
3270.36279403243,1906.58498276608
3272.40545449525,1906.58525366236
3278.11846048401,1906.58553170553
3283.66349299725,1906.58579062768
3282.7054002044,1906.58601234311
3274.21628259277,1906.58618780909
3263.1383416604,1906.58631596363
3257.1575254943,1906.5864016178
3252.64991735645,1906.58645303524
3247.62338819435,1906.58647972052
3242.45573471946,1906.58649071703
3235.43669319641,1906.58838785332
3233.32214585765,1906.59165146976
3232.80707436962,1906.59488781112
3233.53850271552,1906.5972709745
3237.67085309074,1906.59887885386
3252.6422342716,1906.59985560435
3269.65789366831,1906.60037124915
3276.39110660918,1906.60059006834
3272.54433920797,1906.60065004124
3265.90852217058,1906.60065298049
3264.35568068446,1906.60066335522
3265.94836273415,1906.6007130663
3268.02648698256,1906.60080941019
3267.1369547686,1906.60094390184
3268.68898090536,1906.60110029045
3273.02975842373,1906.60126080497
3277.24290864978,1906.60141028092
3276.51494378058,1906.60153827741
3270.06485936665,1906.60163957406
3261.64777087635,1906.60171355779
3257.10350951759,1906.60176300602
3253.67860079064,1906.60179268935
3249.8594126385,1906.60180809478
3245.93299735521,1906.60181444307
3240.59988590622,1906.60290966172
3238.99323967338,1906.60479375177
3238.60188515006,1906.60666209723
3239.15762896114,1906.60803790243
3242.29741450391,1906.60896613495
3253.67276313563,1906.60953001546
3266.60136708324,1906.60982769855
3271.71730419609,1906.60995402345
3268.794506375,1906.60998864597
3263.75257127596,1906.60999034281
3262.57271264694,1906.60999633216
3263.78284238417,1906.6100250305
3265.36181412629,1906.61008065009
3264.68594201194,1906.61015829248
3265.86518113341,1906.61024857605
3269.16333091713,1906.61034124152
3272.36450868956,1906.6104275344
3271.81139644968,1906.61050142712
3266.91058215428,1906.61055990596
3260.5152259153,1906.61060261697
3257.06246784276,1906.61063116357
3254.46020086884,1906.61064829984
3251.55835793289,1906.61065719344
3248.57504315515,1906.61066085833
3244.52291187272,1906.61129313122
3243.30217206217,1906.61238082222
3243.00481845882,1906.61345942426
3243.4270760665,1906.61425368146
3245.81270466994,1906.61478955351
3254.45576538229,1906.61511508386
3264.27899915409,1906.61528693745
3268.16612002382,1906.61535986531
3265.94536004226,1906.61537985302
3262.11446636335,1906.61538083262
3261.21800243131,1906.61538429029
3262.13746653982,1906.61540085796
3263.33717910003,1906.61543296736
3262.82364725962,1906.61547779061
3263.71964048596,1906.61552991166
3266.22559522562,1906.6155834078
3268.65787002738,1906.61563322502
3268.23761190388,1906.61567588358
3264.51394269018,1906.61570964364
3259.65471120285,1906.61573430088
3257.03128412275,1906.61575078094
3255.05406547447,1906.61576067378
3252.84922714511,1906.61576580809
3250.58248600312,1906.61576792385
3247.5036514265,1906.61613293751
3246.57612571822,1906.61676086599
3246.3501945991,1906.61738354753
3246.67102855835,1906.61784207567
3248.48364402397,1906.61815143699
3255.05069536419,1906.61833936713
3262.51444954263,1906.61843857899
3265.46790818034,1906.61848068057
3263.78056092009,1906.61849221957
3260.86982405203,1906.61849278509
3260.18868517516,1906.61849478122
3260.88729972931,1906.61850434581
3261.79884880186,1906.61852288271
3261.40866411232,1906.61854875938
3262.08944534406,1906.61857884911
3263.99348535713,1906.61860973267
3265.84154289464,1906.61863849238
3265.52222815592,1906.61866311937
3262.69296110409,1906.61868260921
3259.00088676685,1906.61869684394
3257.00759053815,1906.61870635796
3255.50528749919,1906.61871206914
3253.8300376094,1906.6187150332
3252.10775357717,1906.61871625464
3249.76843589729,1906.61892697871
3249.06369608944,1906.61928948477
3248.8920322185,1906.61964896179
3249.13580385823,1906.61991367232
3250.5130403742,1906.62009226812
3255.50272686841,1906.62020076112
3261.17373376191,1906.62025803661
3263.41779002283,1906.62028234207
3262.1357330692,1906.62028900359
3259.92413707484,1906.62028933006
3259.40660351548,1906.62029048244
3259.93741520324,1906.62029600412
3260.6300158638,1906.62030670557
3260.33355110743,1906.6203216443
3260.85081292579,1906.62033901524
3262.29751438211,1906.62035684448
3263.70168000497,1906.6203734476
3263.45906267846,1906.62038766488
3261.3093679577,1906.62039891647
3258.50410688972,1906.62040713425
3256.98958800506,1906.62041262674
3255.84812880284,1906.62041592383
3254.57526350661,1906.620417635
3253.26666137613,1906.62041834013
3251.48923323856,1906.6205399922
3250.9537675449,1906.62074926877
3250.823336267,1906.62095679668
3251.00855547657,1906.62110961542
3252.05498835596,1906.6212127197
3255.84618321963,1906.62127535327
3260.15504956453,1906.62130841871
3261.86009748288,1906.62132245038
3260.88598262754,1906.62132629611
3259.20559822181,1906.62132648458
3258.81237300129,1906.62132714985
3259.21568702644,1906.62133033755
3259.7419293204,1906.62133651554
3259.51667355275,1906.62134513975
3259.90969230277,1906.62135516808
3261.00890507633,1906.62136546099
3262.07579885879,1906.62137504606
3261.89145670359,1906.62138325378
3260.25810527094,1906.62138974937
3258.12665044616,1906.62139449355
3256.97590956833,1906.62139766439
3256.10862175986,1906.62139956782
3255.14149078303,1906.62140055569
3254.14720673704,1906.62140096277
3252.79670577199,1906.62147119314
3252.38985560419,1906.6215920096
3252.29075310719,1906.62171181655
3252.43148381577,1906.62180003962
3253.22657003254,1906.62185956227
3256.10714349362,1906.62189572096
3259.38104696912,1906.62191480982
3260.67655299297,1906.62192291037
3259.93641446112,1906.62192513054
3258.65964792772,1906.62192523935
3258.36087295698,1906.62192562341
3258.66731346428,1906.62192746368
3259.06715563558,1906.62193103027
3258.89600490089,1906.62193600907
3259.19462299406,1906.62194179848
3260.02981170301,1906.62194774063
3260.84044424132,1906.62195327414
3260.7003799241,1906.62195801249
3259.45934933646,1906.62196176244
3257.83985669034,1906.62196450127
3256.96551660694,1906.62196633181
3256.30654593041,1906.62196743067
3255.57171379294,1906.62196800097
3254.81625058446,1906.62196823598
3253.79013154311,1906.62200878035
3253.4810042526,1906.62207852833
3253.40570555837,1906.62214769353
3253.51263362694,1906.62219862518
3254.11674508458,1906.62223298792
3256.30542273452,1906.62225386253
3258.79295497825,1906.62226488263
3259.77728852088,1906.62226955913
3259.21492665634,1906.62227084084
3258.24483149522,1906.62227090366
3258.0178204123,1906.62227112538
3258.25065581763,1906.62227218778
3258.55445838876,1906.62227424679
3258.42441699498,1906.62227712108
3258.65130888134,1906.62228046335
3259.28589046222,1906.62228389378
3259.90181411175,1906.62228708831
3259.7953923715,1906.62228982379
3258.85244960446,1906.62229198865
3257.62194900911,1906.6222935698
3256.95761997018,1906.62229462658
3256.45692994745,1906.62229526095
3255.89859991439,1906.62229559019
3255.32459426515,1906.62229572586
3254.544942629,1906.62231913234
3254.31006578907,1906.62235939823
3254.25285337239,1906.62239932767
3254.33409798461,1906.62242873079
3254.79310563127,1906.62244856858
3256.45607653622,1906.62246061961
3258.34611902217,1906.62246698157
3259.09402177624,1906.62246968134
3258.66673573035,1906.62247042128
3257.9296513872,1906.62247045755
3257.75716695305,1906.62247058555
3257.93407674363,1906.62247119888
3258.16490782862,1906.62247238756
3258.066101568,1906.6224740469
3258.23849543586,1906.62247597641
3258.72065447187,1906.62247795682
3259.18863709548,1906.62247980103
3259.10777719466,1906.62248138024
3258.39132340958,1906.62248263002
3257.45638139624,1906.62248354283
3256.9516200564,1906.62248415291
3256.57119265987,1906.62248451914
3256.14697002464,1906.62248470921
3255.71083695863,1906.62248478753
3255.11845279144,1906.62249830022
3254.93999190614,1906.62252154594
3254.89652155575,1906.62254459742
3254.95825171793,1906.622561572
3255.30700858561,1906.62257302447
3256.57054423271,1906.62257998159
3258.00661028078,1906.62258365439
3258.57487144971,1906.62258521298
3258.25021685179,1906.62258564016
3257.69017557884,1906.6225856611
3257.55912083189,1906.62258573499
3257.6935379922,1906.62258608907
3257.86892488772,1906.62258677531
3257.79385127574,1906.62258773325
3257.92483720985,1906.62258884717
3258.29118464729,1906.62258999047
3258.64676075833,1906.62259105515
3258.58532290226,1906.62259196683
3258.04095685577,1906.62259268834
3257.33058209317,1906.6225932153
3256.94706128456,1906.62259356751
3256.65801018017,1906.62259377893
3256.33568318074,1906.62259388866
3256.00430656186,1906.62259393388
3255.55420938349,1906.62260173483
3255.41861369176,1906.62261515471
3255.38558464889,1906.62262846246
3255.43248761044,1906.62263826197
3255.69747524984,1906.62264487355
3256.65751750117,1906.62264888993
3257.74864942532,1906.62265101026
3258.18041779942,1906.62265191005
3257.93374321465,1906.62265215666
3257.50822036869,1906.62265216874
3257.40864415603,1906.62265221141
3257.5107751513,1906.62265241582
3257.64403520646,1906.62265281198
3257.58699380867,1906.62265336501
3257.68651773692,1906.62265400807
3257.96487080073,1906.6226546681
3258.23503974368,1906.62265528274
3258.18835887814,1906.62265580906
3257.77474616684,1906.62265622559
3257.23499899948,1906.62265652981
3256.94359750133,1906.62265673314
3256.7239746726,1906.6226568552
3256.47906861166,1906.62265691855
3256.22728659351,1906.62265694465
3255.88529995512,1906.62266144818
3255.78227350433,1906.62266919555
3255.75717783192,1906.62267687819
3255.79281499413,1906.6226825355
3255.99415425233,1906.6226863524
3256.72360033203,1906.62268867108
3257.5526491613,1906.62268989516
3257.88070946009,1906.62269041461
3257.69328457481,1906.62269055698
3257.36996966718,1906.62269056396
3257.29431104085,1906.62269058859
3257.37191080691,1906.6226907066
3257.47316262649,1906.62269093531
3257.42982221731,1906.62269125458
3257.50544111762,1906.62269162582
3257.71693550851,1906.62269200686
3257.92221155342,1906.62269236169
3257.88674314114,1906.62269266554
3257.57247762798,1906.622692906
3257.1623743698,1906.62269308163
3256.94096569726,1906.62269319901
3256.77409490465,1906.62269326948
3256.58801375478,1906.62269330604
3256.39670820981,1906.62269332111
3256.13686463278,1906.62269592102
3256.05858449404,1906.62270039362
3256.0395166459,1906.62270482884
3256.06659398362,1906.62270809484
3256.21957280552,1906.62271029836
3256.77381047835,1906.62271163695
3257.40372694042,1906.62271234362
3257.65298919792,1906.6227126435
3257.51058260318,1906.6227127257
3257.26492592344,1906.62271272973
3257.2074400281,1906.62271274395
3257.26640081349,1906.62271281208
3257.34333257639,1906.62271294412
3257.31040226366,1906.62271312844
3257.36785797492,1906.62271334276
3257.52855272986,1906.62271356273
3257.68452274681,1906.62271376758
3257.65757362634,1906.62271394299
3257.41879273285,1906.62271408181
3257.10719372401,1906.62271418319
3256.93896603615,1906.62271425096
3256.812176569,1906.62271429164
3256.6707909528,1906.62271431275
3256.52543580868,1906.62271432145
3256.32800504109,1906.62271582239
3256.26852730431,1906.62271840445
3256.25403943458,1906.62272096493
3256.27461296436,1906.62272285041
3256.39084722567,1906.62272412251
3256.81196046013,1906.62272489528
3257.29057490981,1906.62272530324
3257.47996592494,1906.62272547637
3257.37176450766,1906.62272552382
3257.18511303295,1906.62272552614
3257.14143489177,1906.62272553436
3257.18623366359,1906.62272557369
3257.24468689601,1906.62272564992
3257.21966623938,1906.62272575633
3257.26332144651,1906.62272588007
3257.38541832179,1906.62272600706
3257.50392531172,1906.62272612532
3257.48344920221,1906.62272622658
3257.3020219927,1906.62272630672
3257.0652671258,1906.62272636525
3256.93744668119,1906.62272640437
3256.84111125466,1906.62272642785
3256.73368558322,1906.62272644004
3256.62324383975,1906.62272644506
3256.47323471335,1906.62272731156
3256.42804315864,1906.6227288022
3256.41703518502,1906.62273028038
3256.43266708103,1906.62273136888
3256.52098259644,1906.62273210327
3256.8409470538,1906.6227325494
3257.20460129248,1906.62273278492
3257.34850176491,1906.62273288486
3257.2662896544,1906.62273291226
3257.12447070184,1906.6227329136
3257.09128377824,1906.62273291834
3257.12532216398,1906.62273294105
3257.1697352939,1906.62273298506
3257.15072444322,1906.62273304649
3257.18389394139,1906.62273311792
3257.27666390739,1906.62273319123
3257.36670625615,1906.62273325951
3257.35114838066,1906.62273331796
3257.21329885733,1906.62273336423
3257.03341103544,1906.62273339801
3256.93629226583,1906.6227334206
3256.86309600898,1906.62273343415
3256.78147331499,1906.62273344119
3256.6975589907,1906.62273344408
3256.58358112252,1906.62273394432
3256.54924429789,1906.62273480487
3256.540880371,1906.62273565823
3256.55275758291,1906.62273628663
3256.61986026137,1906.6227367106
3256.86297124814,1906.62273696815
3257.13927800277,1906.62273710412
3257.24861447764,1906.62273716182
3257.18614920423,1906.62273717763
3257.07839428112,1906.62273717841
3257.05317864994,1906.62273718115
3257.07904122735,1906.62273719426
3257.11278659998,1906.62273721967
3257.09834203727,1906.62273725514
3257.12354442849,1906.62273729637
3257.19403162623,1906.6227373387
3257.26244636342,1906.62273737811
3257.25062539276,1906.62273741186
3257.14588646669,1906.62273743857
3257.00920657965,1906.62273745807
3256.93541513385,1906.62273747111
3256.87980016218,1906.62273747894
3256.81778273111,1906.622737483
3256.75402410508,1906.62273748467
3256.66742301121,1906.62273777346
3256.64133367808,1906.62273827026
3256.63497871436,1906.62273876291
3256.64400309392,1906.62273912569
3256.69498812678,1906.62273937045
3256.87970536812,1906.62273951913
3257.08964496055,1906.62273959762
3257.17271949487,1906.62273963093
3257.12525799123,1906.62273964006
3257.04338512978,1906.62273964051
3257.02422613623,1906.6227396421
3257.04387668356,1906.62273964967
3257.06951662778,1906.62273966434
3257.0585415591,1906.62273968481
3257.07769049285,1906.62273970862
3257.13124710455,1906.62273973305
3257.18322904781,1906.62273975581
3257.1742474007,1906.62273977529
3257.09466611258,1906.62273979071
3256.99081588345,1906.62273980197
3256.93474868351,1906.62273980949
3256.89249208178,1906.62273981401
3256.84537085154,1906.62273981636
3256.79692665052,1906.62273981733
3256.73112660024,1906.62273998405
3256.71130376249,1906.62274027085
3256.70647522149,1906.62274055526
3256.71333200126,1906.62274076469
3256.75207074666,1906.62274090599
3256.89242005666,1906.62274099183
3257.05193346606,1906.62274103715
3257.11505401445,1906.62274105638
3257.0789924685,1906.62274106165
3257.01678495863,1906.62274106191
3257.00222783605,1906.62274106282
3257.01715844425,1906.62274106719
3257.0366398335,1906.62274107565
3257.02830090799,1906.62274108747
3257.04285038708,1906.62274110122
3257.08354303408,1906.62274111533
3257.12303923821,1906.62274112846
3257.11621492682,1906.62274113971
3257.05574856864,1906.62274114861
3256.97684251798,1906.62274115511
3256.93424231039,1906.62274115946
3256.90213548132,1906.62274116207
3256.86633247721,1906.62274116342
3256.82952427166,1906.62274116398
3256.77952898379,1906.62274126023
3256.76446746826,1906.6227414258
3256.76079871274,1906.62274158999
3256.7660085367,1906.6227417109
3256.79544247664,1906.62274179247
3256.90208075618,1906.62274184202
3257.02328003776,1906.62274186819
3257.07123942341,1906.62274187929
3257.04383963628,1906.62274188233
3256.99657398298,1906.62274188248
3256.98551339061,1906.62274188301
3256.99685775968,1906.62274188553
3257.01165984052,1906.62274189042
3257.005323873,1906.62274189724
3257.0163786578,1906.62274190518
3257.04729718434,1906.62274191332
3257.07730664613,1906.6227419209
3257.07212149185,1906.6227419274
3257.02617877645,1906.62274193254
3256.9662254679,1906.62274193629
3256.93385756495,1906.6227419388
3256.90946259632,1906.62274194031
3256.88225925089,1906.62274194109
3256.85429214715,1906.62274194141
3256.81630541616,1906.62274199697
3256.80486158289,1906.62274209256
3256.8020740396,1906.62274218735
3256.80603249629,1906.62274225715
3256.8283965871,1906.62274230424
3256.90942101582,1906.62274233285
3257.00150898454,1906.62274234795
3257.03794882435,1906.62274235436
3257.0171302955,1906.62274235612
3256.98121755785,1906.62274235621
3256.97281365091,1906.62274235652
3256.98143317316,1906.62274235797
3256.99267988633,1906.62274236079
3256.98786577877,1906.62274236473
3256.99626527308,1906.62274236931
3257.01975736204,1906.62274237401
3257.04255873795,1906.62274237839
3257.03861902544,1906.62274238214
3257.00371146424,1906.6227423851
3256.95815856714,1906.62274238727
3256.93356523296,1906.62274238872
3256.91502978392,1906.62274238959
3256.8943605127,1906.62274239004
3256.87311093316,1906.62274239023
3256.84424837844,1906.62274242231
3256.83555328267,1906.62274247749
3256.83343528993,1906.62274253221
3256.83644294996,1906.6227425725
3256.85343532541,1906.62274259969
3256.9149981908,1906.6227426162
3256.98496720276,1906.62274262492
3257.01265441992,1906.62274262862
3256.99683637208,1906.62274262963
3256.96954965043,1906.62274262969
3256.96316430961,1906.62274262987
3256.96971347628,1906.62274263071
3256.97825879897,1906.62274263234
3256.97460101007,1906.62274263461
3256.98098299815,1906.62274263725
3256.9988324336,1906.62274263997
3257.01615706097,1906.62274264249
3257.01316364288,1906.62274264465
3256.98664066055,1906.62274264637
3256.95202928573,1906.62274264762
3256.9333431173,1906.62274264846
3256.91925976772,1906.62274264896
3256.90355512676,1906.62274264922
3256.88740956392,1906.62274264933
3256.86547961516,1906.62274266785
3256.85887302726,1906.62274269971
3256.85726376319,1906.6227427313
3256.859549002,1906.62274275456
3256.87245991466,1906.62274277025
3256.91923576307,1906.62274277979
3256.97239865398,1906.62274278482
3256.99343557395,1906.62274278695
3256.98141692272,1906.62274278754
3256.96068430173,1906.62274278757
3256.95583268002,1906.62274278767
3256.96080877763,1906.62274278816
3256.96730156701,1906.6227427891
3256.96452235623,1906.62274279041
3256.9693714305,1906.62274279194
3256.98293354269,1906.6227427935
3256.99609690243,1906.62274279496
3256.99382248473,1906.62274279621
3256.97367015763,1906.6227427972
3256.94737221955,1906.62274279792
3256.93317435244,1906.6227427984
3256.92247373574,1906.62274279869
3256.91054125176,1906.62274279885
3256.8982737526,1906.62274279891
3256.881611241,1906.62274280961
3256.87659151438,1906.622742828
3256.87536878552,1906.62274284624
3256.8771051242,1906.62274285966
3256.88691491601,1906.62274286872
3256.92245549686,1906.62274287423
3256.96284899236,1906.62274287713
3256.97883297513,1906.62274287836
3256.9697011291,1906.62274287869
3256.95394835459,1906.62274287871
3256.95026206221,1906.62274287876
3256.95404293215,1906.62274287904
3256.95897619395,1906.62274287958
3256.9568645323,1906.62274288034
3256.96054888912,1906.62274288122
3256.9708534664,1906.62274288212
3256.98085506908,1906.62274288297
3256.97912695235,1906.62274288369
3256.96381508875,1906.62274288426
3256.94383375167,1906.62274288468
3256.93304612384,1906.62274288496
3256.92491572866,1906.62274288513
3256.91584935304,1906.62274288522
3256.9065284308,1906.62274288526
3256.89386815074,1906.62274289143
3256.89005413121,1906.62274290205
3256.8891250942,1906.62274291258
3256.89044437514,1906.62274292034
3256.89789791604,1906.62274292557
3256.92490187064,1906.62274292874
3256.95559310001,1906.62274293042
3256.96773782963,1906.62274293113
3256.96079939617,1906.62274293132
3256.94883034002,1906.62274293132
3256.94602947211,1906.62274293135
3256.94890220064,1906.62274293151
3256.95265052367,1906.62274293183
3256.95104606999,1906.62274293226
3256.95384546725,1906.62274293277
3256.96167494922,1906.62274293329
3256.9692742292,1906.62274293378
3256.96796119535,1906.62274293419
3256.95632714606,1906.62274293452
3256.94114520174,1906.62274293477
3256.93294869496,1906.62274293493
3256.92677117008,1906.62274293503
3256.91988248144,1906.62274293508
3256.91280038669,1906.6227429351
3256.90318102708,1906.62274293867
3256.90028311129,1906.6227429448
3256.89957722319,1906.62274295088
3256.90057962106,1906.62274295535
3256.90624286784,1906.62274295837
3256.92676064067,1906.62274296021
3256.95008002783,1906.62274296118
3256.95930766901,1906.62274296159
3256.95403580406,1906.6227429617
3256.94494164068,1906.6227429617
3256.94281352381,1906.62274296172
3256.94499624083,1906.62274296181
3256.94784424,1906.62274296199
3256.94662516611,1906.62274296224
3256.94875216557,1906.62274296253
3256.95470105472,1906.62274296283
3256.96047503497,1906.62274296311
3256.95947738367,1906.62274296336
3256.95063776058,1906.62274296355
3256.93910242477,1906.62274296369
3256.93287466789,1906.62274296379
3256.92818094602,1906.62274296385
3256.9229468775,1906.62274296388
3256.91756585782,1906.62274296389
3256.9102570085,1906.62274296595
3256.90805515404,1906.62274296948
3256.90751881587,1906.62274297299
3256.90828044401,1906.62274297557
3256.91258341417,1906.62274297732
3256.92817294571,1906.62274297837
3256.94589116126,1906.62274297893
3256.95290238048,1906.62274297917
3256.94889678467,1906.62274297924
3256.94198698271,1906.62274297924
3256.94037002626,1906.62274297925
3256.94202846824,1906.62274297931
3256.94419239575,1906.62274297941
3256.94326613582,1906.62274297955
3256.94488224325,1906.62274297972
3256.94940224626,1906.62274297989
3256.9537893524,1906.62274298005
3256.95303133074,1906.62274298019
3256.94631493008,1906.62274298031
3256.93755031011,1906.62274298039
3256.93281842166,1906.62274298044
3256.92925210256,1906.62274298048
3256.92527522471,1906.6227429805
3256.92118669246,1906.6227429805
3256.91563338324,1906.62274298169
3256.91396040051,1906.62274298373
3256.91355288743,1906.62274298576
3256.91413157724,1906.62274298725
3256.91740100075,1906.62274298825
3256.92924602387,1906.62274298886
3256.94270843436,1906.62274298918
3256.94803560237,1906.62274298932
3256.94499212574,1906.62274298935
3256.93974201519,1906.62274298936
3256.93851344162,1906.62274298936
3256.93977353616,1906.6227429894
3256.94141770175,1906.62274298946
3256.94071392369,1906.62274298954
3256.94194185217,1906.62274298964
3256.9453761786,1906.62274298974
3256.94870952916,1906.62274298984
3256.94813357958,1906.62274298992
3256.94303041655,1906.62274298998
3256.93637100373,1906.62274299002
3256.93277568542,1906.62274299006
3256.93006597397,1906.62274299007
3256.92704431742,1906.62274299009
3256.92393782516,1906.62274299009
3256.91971838624,1906.62274299078
3256.91844724355,1906.62274299196
3256.91813761257,1906.62274299313
3256.91857730469,1906.62274299399
3256.92106143303,1906.62274299457
3256.93006135534,1906.62274299492
3256.94029017865,1906.62274299511
3256.94433779407,1906.62274299518
3256.94202534157,1906.6227429952
3256.93803627489,1906.6227429952
3256.93710279704,1906.62274299521
3256.93806022472,1906.62274299523
3256.93930947197,1906.62274299526
3256.93877473702,1906.62274299531
3256.93970772473,1906.62274299536
3256.94231714733,1906.62274299542
3256.94484984784,1906.62274299547
3256.94441223776,1906.62274299552
3256.94053482272,1906.62274299556
3256.9354749594,1906.62274299558
3256.93274321416,1906.6227429956
3256.93068435853,1906.62274299561
3256.92838848507,1906.62274299562
3256.92602815291,1906.62274299563
3256.92282219695,1906.62274299602
3256.92185637482,1906.62274299671
3256.92162111527,1906.62274299739
3256.92195519608,1906.62274299789
3256.92384265226,1906.62274299822
3256.93068084927,1906.62274299843
3256.9384527729,1906.62274299853
3256.9415281763,1906.62274299858
3256.93977116049,1906.62274299859
3256.9367402428,1906.62274299859
3256.93603098051,1906.62274299859
3256.93675844002,1906.6227429986
3256.93770762586,1906.62274299862
3256.93730133092,1906.62274299864
3256.93801022079,1906.62274299867
3256.93999287633,1906.62274299871
3256.94191723794,1906.62274299874
3256.94158473908,1906.62274299876
3256.93863865499,1906.62274299878
3256.93479413933,1906.6227429988
3256.9327185423,1906.62274299881
3256.93115421097,1906.62274299882
3256.92940979202,1906.62274299882
3256.92761639695,1906.62274299883
3256.92518049165,1906.62274299906
3256.92444665398,1906.62274299945
3256.92426790232,1906.62274299984
3256.92452173899,1906.62274300013
3256.92595583995,1906.62274300032
3256.93115154461,1906.62274300044
3256.93705670057,1906.6227430005
3256.93939341122,1906.62274300053
3256.93805841968,1906.62274300054
3256.93575550954,1906.62274300054
3256.93521660764,1906.62274300054
3256.93576933591,1906.62274300054
3256.93649053322,1906.62274300055
3256.93618182779,1906.62274300057
3256.93672044672,1906.62274300058
3256.93822688075,1906.6227430006
3256.93968902268,1906.62274300062
3256.93943638798,1906.62274300064
3256.93719793494,1906.62274300065
3256.93427684801,1906.62274300066
3256.93269979646,1906.62274300067
3256.93151120778,1906.62274300067
3256.9301857874,1906.62274300067
3256.92882315466,1906.62274300067
3256.92697233865,1906.62274300081
3256.92641476422,1906.62274300103
3256.92627894759,1906.62274300126
3256.92647181428,1906.62274300142
3256.92756145312,1906.62274300153
3256.93150918186,1906.6227430016
3256.93599595613,1906.62274300163
3256.93777140343,1906.62274300165
3256.93675706854,1906.62274300165
3256.93500730308,1906.62274300165
3256.93459784206,1906.62274300165
3256.93501780844,1906.62274300165
3256.93556577865,1906.62274300166
3256.93533122234,1906.62274300166
3256.93574046836,1906.62274300167
3256.93688506631,1906.62274300168
3256.93799601085,1906.62274300169
3256.93780405743,1906.6227430017
3256.93610326688,1906.62274300171
3256.93388380685,1906.62274300172
3256.93268555326,1906.62274300172
3256.93178245618,1906.62274300173
3256.93077539352,1906.62274300173
3256.92974005668,1906.62274300173
3256.92833379515,1906.62274300181
3256.92791014663,1906.62274300194
3256.92780695231,1906.62274300207
3256.92795349362,1906.62274300217
3256.92878140799,1906.62274300223
3256.93178091687,1906.62274300227
3256.93518999589,1906.62274300229
3256.93653899181,1906.6227430023
3256.93576829384,1906.6227430023
3256.93443881115,1906.6227430023
3256.93412770012,1906.6227430023
3256.93444679319,1906.62274300229
3256.93486314436,1906.6227430023
3256.93468492702,1906.6227430023
3256.9349958747,1906.62274300231
3256.93586554735,1906.62274300232
3256.93670964993,1906.62274300232
3256.93656380252,1906.62274300233
3256.93527153127,1906.62274300233
3256.93358517172,1906.62274300234
3256.93267473118,1906.62274300234
3256.9319885524,1906.62274300234
3256.93122337992,1906.62274300234
3256.93043672455,1906.62274300234
3256.92936823828,1906.62274300239
3256.9290463475,1906.62274300247
3256.92896793981,1906.62274300254
3256.92907928281,1906.6227430026
3256.9297083373,1906.62274300263
3256.93198738283,1906.62274300266
3256.93457762229,1906.62274300267
3256.93560259778,1906.62274300268
3256.93501701667,1906.62274300268
3256.93400686745,1906.62274300268
3256.93377048335,1906.62274300268
3256.93401293225,1906.62274300268
3256.93432927846,1906.62274300268
3256.93419386782,1906.62274300268
3256.9344301278,1906.62274300268
3256.93509091049,1906.62274300269
3256.93573226489,1906.62274300269
3256.93562144912,1906.6227430027
3256.93463957338,1906.6227430027
3256.93335826689,1906.62274300271
3256.9326665085,1906.62274300271
3256.93214514559,1906.62274300271
3256.93156376278,1906.62274300271
3256.93096605713,1906.62274300271
3256.93015421461,1906.62274300274
3256.92990963999,1906.62274300278
3256.92985006534,1906.62274300283
3256.92993466445,1906.62274300285
3256.93041262397,1906.62274300287
3256.93214425694,1906.62274300289
3256.93411233701,1906.62274300289
3256.93489111978,1906.62274300289
3256.9344461916,1906.62274300289
3256.93367867393,1906.62274300289
3256.93349906782,1906.62274300289
3256.93368328201,1906.6227430029
3256.93392364383,1906.6227430029
3256.93382075798,1906.6227430029
3256.93400026978,1906.6227430029
3256.93450233658,1906.6227430029
3256.93498964165,1906.62274300291
3256.93490544314,1906.62274300291
3256.93415940784,1906.62274300291
3256.93318586319,1906.62274300291
3256.93266026086,1906.62274300291
3256.93226412607,1906.62274300291
3256.9318223878,1906.62274300292
3256.93136824732,1906.62274300292
3256.93075140432,1906.62274300293
3256.930565575,1906.62274300296
3256.93052030981,1906.62274300298
3256.93058458874,1906.622743003
3256.93094774536,1906.62274300301
3256.93226345087,1906.62274300302
3256.93375881037,1906.62274300302
3256.93435053436,1906.62274300302
3256.93401247516,1906.62274300302
3256.93342931045,1906.62274300301
3256.93329284461,1906.62274300301
3256.9334328117,1906.62274300301
3256.93361544011,1906.62274300302
3256.9335372668,1906.62274300302
3256.93367366098,1906.62274300302
3256.93405513447,1906.62274300303
3256.93442539189,1906.62274300303
3256.93436141734,1906.62274300303
3256.93379457507,1906.62274300304
3256.93305486979,1906.62274300304
3256.93265551386,1906.62274300304
3256.93235452819,1906.62274300304
3256.93201889269,1906.62274300304
3256.93167383393,1906.62274300304
3256.93120515278,1906.62274300305
3256.9310639585,1906.62274300306
3256.93102956573,1906.62274300308
3256.93107840526,1906.62274300309
3256.93135433392,1906.62274300309
3256.93235401516,1906.6227430031
3256.93349019862,1906.6227430031
3256.93393979419,1906.62274300309
3256.93368293471,1906.62274300309
3256.93323984253,1906.62274300309
3256.93313615494,1906.62274300309
3256.9332425028,1906.62274300309
3256.933381265,1906.62274300309
3256.93332186843,1906.62274300309
3256.93342550158,1906.62274300309
3256.93371534751,1906.6227430031
3256.93399667141,1906.6227430031
3256.93394806314,1906.6227430031
3256.93351737286,1906.6227430031
3256.93295534018,1906.6227430031
3256.93265190706,1906.6227430031
3256.93242321627,1906.6227430031
3256.93216819833,1906.6227430031
3256.93190602054,1906.6227430031
3256.93154991368,1906.62274300311
3256.93144263339,1906.62274300312
3256.93141650155,1906.62274300313
3256.93145361013,1906.62274300313
3256.93166326244,1906.62274300314
3256.93242282648,1906.62274300314
3256.93328610574,1906.62274300314
3256.93362771125,1906.62274300314
3256.93343254782,1906.62274300313
3256.93309588362,1906.62274300313
3256.93301710114,1906.62274300313
3256.93309790491,1906.62274300314
3256.9332033373,1906.62274300314
3256.93315820742,1906.62274300314
3256.93323694853,1906.62274300315
3256.93345717527,1906.62274300315
3256.93367092692,1906.62274300315
3256.93363399406,1906.62274300315
3256.9333067529,1906.62274300315
3256.93287971697,1906.62274300315
3256.9326491666,1906.62274300315
3256.93247540591,1906.62274300315
3256.93228164169,1906.62274300314
3256.93208243737,1906.62274300314
3256.93181186516,1906.62274300314
3256.93173035293,1906.62274300314
3256.9317104978,1906.62274300315
3256.93173869312,1906.62274300316
3256.93189798826,1906.62274300316
3256.93247510974,1906.62274300316
3256.9331310347,1906.62274300316
3256.93339058869,1906.62274300316
3256.9332423023,1906.62274300316
3256.93298650275,1906.62274300316
3256.93292664333,1906.62274300316
3256.93298803854,1906.62274300316
3256.93306814672,1906.62274300316
3256.93303385675,1906.62274300316
3256.93309368474,1906.62274300316
3256.93326101439,1906.62274300316
3256.93342342422,1906.62274300317
3256.93339536241,1906.62274300317
3256.93314672254,1906.62274300317
3256.93282225798,1906.62274300317
3256.93264708437,1906.62274300316
3256.93251505992,1906.62274300316
3256.93236783666,1906.62274300316
3256.93221647998,1906.62274300316
3256.93201089753,1906.62274300316
3256.93194896403,1906.62274300316
3256.93193387797,1906.62274300317
3256.93195530096,1906.62274300317
3256.93207633439,1906.62274300317
3256.93251483489,1906.62274300318
3256.93301321075,1906.62274300318
3256.9332104215,1906.62274300318
3256.93309775257,1906.62274300319
3256.93290339448,1906.62274300319
3256.93285791292,1906.62274300318
3256.93290456138,1906.62274300318
3256.93296542808,1906.62274300318
3256.93293937435,1906.62274300318
3256.93298483203,1906.62274300318
3256.93311197014,1906.62274300318
3256.93323537014,1906.62274300318
3256.93321404859,1906.62274300318
3256.93302513047,1906.62274300318
3256.93277860028,1906.62274300318
3256.93264550228,1906.62274300318
3256.93254518928,1906.62274300318
3256.93243332814,1906.62274300318
3256.93231832638,1906.62274300318
3256.93216212356,1906.62274300318
3256.9321150661,1906.62274300318
3256.93210360362,1906.62274300318
3256.93211988094,1906.62274300318
3256.9322118429,1906.62274300318
3256.9325450183,1906.62274300318
3256.93292368739,1906.62274300318
3256.93307352934,1906.62274300318
3256.93298792279,1906.62274300318
3256.9328402483,1906.62274300317
3256.93280569113,1906.62274300317
3256.93284113492,1906.62274300317
3256.93288738181,1906.62274300317
3256.93286758603,1906.62274300316
3256.93290212506,1906.62274300316
3256.93299872538,1906.62274300317
3256.93309248547,1906.62274300317
3256.93307628523,1906.62274300317
3256.93293274407,1906.62274300318
3256.93274542889,1906.62274300318
3256.9326443002,1906.62274300318
3256.93256808176,1906.62274300318
3256.93248308897,1906.62274300318
3256.93239570992,1906.62274300317
3256.93227702604,1906.62274300317
3256.93224127149,1906.62274300317
3256.93223256223,1906.62274300318
3256.93224492983,1906.62274300318
3256.9323148031,1906.62274300318
3256.93256795185,1906.62274300318
3256.93285566698,1906.62274300318
3256.93296951783,1906.62274300318
3256.93290447344,1906.62274300318
3256.93279226944,1906.62274300318
3256.93276601269,1906.62274300318
3256.9327929431,1906.62274300318
3256.93282808178,1906.62274300317
3256.93281304082,1906.62274300317
3256.93283928378,1906.62274300317
3256.93291268131,1906.62274300317
3256.93298392081,1906.62274300317
3256.93297161177,1906.62274300317
3256.9328625483,1906.62274300318
3256.93272022506,1906.62274300318
3256.93264338686,1906.62274300318
3256.93258547561,1906.62274300318
3256.93252089755,1906.62274300318
3256.93245450641,1906.62274300318
3256.93236432966,1906.62274300318
3256.93233716313,1906.62274300318
3256.93233054578,1906.62274300318
3256.93233994276,1906.62274300318
3256.93239303291,1906.62274300318
3256.9325853769,1906.62274300318
3256.93280398465,1906.62274300318
3256.93289048923,1906.62274300318
3256.9328410681,1906.62274300318
3256.9327558148,1906.62274300318
3256.93273586476,1906.62274300318
3256.93275632665,1906.62274300318
3256.93278302524,1906.62274300318
3256.93277159702,1906.62274300318
3256.93279153659,1906.62274300317
3256.93284730449,1906.62274300317
3256.93290143271,1906.62274300317
3256.93289208022,1906.62274300317
3256.93280921312,1906.62274300317
3256.93270107504,1906.62274300317
3256.93264269289,1906.62274300317
3256.93259869156,1906.62274300318
3256.93254962475,1906.62274300318
3256.93249918035,1906.62274300318
3256.93243066349,1906.62274300318
3256.9324100222,1906.62274300318
3256.93240499429,1906.62274300318
3256.93241213418,1906.62274300318
3256.9324524724,1906.62274300318
3256.93259861656,1906.62274300318
3256.93276471609,1906.62274300318
3256.93283044281,1906.62274300318
3256.93279289233,1906.62274300318
3256.93272811634,1906.62274300318
3256.93271295818,1906.62274300318
3256.93272850525,1906.62274300318
3256.932748791,1906.62274300318
3256.93274010777,1906.62274300318
3256.93275525798,1906.62274300318
3256.93279763078,1906.62274300318
3256.93283875774,1906.62274300318
3256.93283165166,1906.62274300318
3256.93276868871,1906.62274300318
3256.93268652473,1906.62274300318
3256.93264216561,1906.62274300318
3256.93260873313,1906.62274300319
3256.93257145186,1906.62274300319
3256.93253312389,1906.62274300319
3256.93248106435,1906.62274300319
3256.93246538097,1906.62274300319
3256.93246156073,1906.62274300319
3256.93246698566,1906.62274300318
3256.9324976349,1906.62274300318
3256.93260867614,1906.62274300318
3256.9327348796,1906.62274300318
3256.93278481917,1906.62274300318
3256.93275628808,1906.62274300318
3256.93270707088,1906.62274300318
3256.93269555361,1906.62274300318
3256.93270736637,1906.62274300318
3256.93272277962,1906.62274300318
3256.93271618204,1906.62274300318
3256.93272769327,1906.62274300318
3256.93275988838,1906.62274300318
3256.9327911369,1906.62274300318
3256.93278573766,1906.62274300318
3256.93273789802,1906.62274300318
3256.93267546931,1906.62274300318
3256.93264176498,1906.62274300319
3256.93261636277,1906.62274300319
3256.93258803623,1906.62274300319
3256.9325589144,1906.62274300319
3256.93251935924,1906.62274300319
3256.93250744291,1906.62274300319
3256.93250454027,1906.62274300319
3256.93250866217,1906.62274300318
3256.93253194964,1906.62274300318
3256.93261631947,1906.62274300318
3256.93271220964,1906.62274300317
3256.93275015404,1906.62274300317
3256.93272847594,1906.62274300317
3256.93269108041,1906.62274300317
3256.93268232951,1906.62274300317
3256.93269130493,1906.62274300317
3256.932703016,1906.62274300317
3256.93269800313,1906.62274300318
3256.93270674943,1906.62274300318
3256.93273121147,1906.62274300318
3256.93275495429,1906.62274300318
3256.93275085191,1906.62274300318
3256.93271450306,1906.62274300318
3256.93266706934,1906.62274300319
3256.93264146058,1906.62274300319
3256.93262215982,1906.62274300319
3256.93260063714,1906.62274300319
3256.93257851019,1906.62274300319
3256.93254845594,1906.62274300319
3256.93253940183,1906.62274300319
3256.93253719639,1906.62274300318
3256.93254032823,1906.62274300318
3256.9325580222,1906.62274300318
3256.93262212692,1906.62274300318
3256.93269498487,1906.62274300318
3256.93272381526,1906.62274300318
3256.9327073441,1906.62274300317
3256.93267893075,1906.62274300318
3256.93267228176,1906.62274300318
3256.93267910134,1906.62274300318
3256.93268799949,1906.62274300318
3256.93268419067,1906.62274300318
3256.93269083616,1906.62274300318
3256.93270942258,1906.62274300318
3256.93272746252,1906.62274300318
3256.93272434551,1906.62274300317
3256.93269672742,1906.62274300317
3256.93266068699,1906.62274300317
3256.93264122929,1906.62274300317
3256.93262656445,1906.62274300318
3256.93261021139,1906.62274300318
3256.93259339919,1906.62274300318
3256.93257056378,1906.62274300318
3256.93256368442,1906.62274300318
3256.93256200871,1906.62274300318
3256.9325643883,1906.62274300318
3256.93257783229,1906.62274300317
3256.93262653946,1906.62274300317
3256.93268189738,1906.62274300317
3256.93270380289,1906.62274300317
3256.932691288,1906.62274300317
3256.93266969936,1906.62274300317
3256.93266464742,1906.62274300317
3256.93266982897,1906.62274300317
3256.93267658984,1906.62274300318
3256.93267369588,1906.62274300318
3256.93267874517,1906.62274300318
3256.93269286724,1906.62274300318
3256.9327065741,1906.62274300318
3256.93270420578,1906.62274300318
3256.93268322138,1906.62274300318
3256.93265583764,1906.62274300318
3256.93264105356,1906.62274300318
3256.93262991112,1906.62274300318
3256.93261748596,1906.62274300318
3256.93260471195,1906.62274300318
3256.93258736147,1906.62274300318
3256.93258213448,1906.62274300318
3256.93258086127,1906.62274300318
3256.9325826693,1906.62274300318
3256.93259288412,1906.62274300318
3256.93262989213,1906.62274300318
3256.93267195343,1906.62274300318
3256.93268859737,1906.62274300318
3256.93267908848,1906.62274300318
3256.93266268529,1906.62274300318
3256.9326588468,1906.62274300318
3256.93266278377,1906.62274300318
3256.93266792072,1906.62274300318
3256.93266572187,1906.62274300318
3256.93266955835,1906.62274300318
3256.9326802884,1906.62274300318
3256.93269070295,1906.62274300318
3256.93268890348,1906.62274300318
3256.93267295941,1906.62274300318
3256.93265215307,1906.62274300318
3256.93264092003,1906.62274300318
3256.93263245394,1906.62274300318
3256.93262301323,1906.62274300318
3256.93261330746,1906.62274300318
